state,state_abbreviation,county,fips,Bernie Vote,Bernie %,Hillary Vote,Hillary %,1 if Bernie Won,Margin
Connecticut,CT,Tolland County,9013,8734,0.608471506,5620,0.391528494,1,0.216943012
Connecticut,CT,Windham County,9015,5555,0.598405688,3728,0.401594312,1,0.196811376
Connecticut,CT,Litchfield County,9005,9186,0.570098678,6927,0.429901322,1,0.140197356
Connecticut,CT,New London County,9011,13367,0.550444737,10917,0.449555263,1,0.100889475
Connecticut,CT,Middlesex County,9007,11370,0.521846888,10418,0.478153112,1,0.043693776
Connecticut,CT,New Haven County,9009,40255,0.467087477,45928,0.532912523,0,-0.065825047
Connecticut,CT,Hartford County,9003,34163,0.461200961,39911,0.538799039,0,-0.077598078
Connecticut,CT,Fairfield County,9001,29780,0.389759966,46626,0.610240034,0,-0.220480067
Delaware,DE,Kent,10001,4980,0.399,7338,0.588,0,-0.189
Delaware,DE,New Castle,10003,25738,0.397,38580,0.595,0,-0.198
Delaware,DE,Sussex,10005,5941,0.364,10032,0.614,0,-0.25
Illinois,IL,DeKalb,17037,8315,0.665,4135,0.331,1,0.334
Illinois,IL,Champaign,17019,20581,0.659,10542,0.338,1,0.321
Illinois,IL,McLean,17113,12936,0.624,7695,0.371,1,0.253
Illinois,IL,Jackson,17077,4656,0.619,2826,0.376,1,0.243
Illinois,IL,Iroquois,17075,875,0.606,542,0.375,1,0.231
Illinois,IL,Pope,17151,176,0.601,109,0.372,1,0.229
Illinois,IL,McHenry,17111,15502,0.611,9766,0.385,1,0.226
Illinois,IL,Lee,17103,1958,0.598,1292,0.394,1,0.204
Illinois,IL,Ford,17053,438,0.594,288,0.391,1,0.203
Illinois,IL,Grundy,17063,3095,0.596,2051,0.395,1,0.201
Illinois,IL,Coles,17029,2522,0.59,1708,0.399,1,0.191
Illinois,IL,Ogle,17141,2642,0.592,1793,0.402,1,0.19
Illinois,IL,Washington,17189,595,0.577,409,0.397,1,0.18
Illinois,IL,Effingham,17049,1247,0.58,867,0.403,1,0.177
Illinois,IL,Boone,17007,2773,0.583,1957,0.411,1,0.172
Illinois,IL,Kendall,17093,7482,0.584,5283,0.412,1,0.172
Illinois,IL,Cumberland,17035,517,0.563,364,0.396,1,0.167
Illinois,IL,McDonough,17109,1469,0.578,1052,0.414,1,0.164
Illinois,IL,Clinton,17027,1266,0.575,906,0.412,1,0.163
Illinois,IL,Morgan,17137,1278,0.575,917,0.412,1,0.163
Illinois,IL,Hardin,17069,222,0.554,162,0.404,1,0.15
Illinois,IL,Douglas,17041,643,0.562,483,0.422,1,0.14
Illinois,IL,Logan,17107,972,0.564,737,0.428,1,0.136
Illinois,IL,Williamson,17199,3902,0.553,2978,0.422,1,0.131
Illinois,IL,Jasper,17079,434,0.536,328,0.405,1,0.131
Illinois,IL,Kane,17089,31085,0.562,24063,0.435,1,0.127
Illinois,IL,Piatt,17147,1016,0.555,787,0.43,1,0.125
Illinois,IL,Wayne,17191,360,0.541,277,0.417,1,0.124
Illinois,IL,Livingston,17105,971,0.555,757,0.433,1,0.122
Illinois,IL,LaSalle,17099,6739,0.556,5271,0.435,1,0.121
Illinois,IL,Macoupin,17117,3552,0.55,2770,0.429,1,0.121
Illinois,IL,Franklin,17055,2780,0.539,2172,0.421,1,0.118
Illinois,IL,Woodford,17203,1616,0.555,1277,0.438,1,0.117
Illinois,IL,Jersey,17083,1069,0.545,853,0.435,1,0.11
Illinois,IL,Union,17181,1152,0.542,921,0.433,1,0.109
Illinois,IL,Monroe,17133,1775,0.546,1436,0.442,1,0.104
Illinois,IL,Menard,17129,491,0.547,398,0.444,1,0.103
Illinois,IL,Gallatin,17059,663,0.504,531,0.403,1,0.101
Illinois,IL,Moultrie,17139,566,0.54,462,0.44,1,0.1
Illinois,IL,Madison,17119,18723,0.545,15332,0.446,1,0.099
Illinois,IL,Tazewell,17179,7154,0.545,5867,0.447,1,0.098
Illinois,IL,Bureau,17011,1852,0.542,1518,0.445,1,0.097
Illinois,IL,Richland,17159,543,0.536,448,0.442,1,0.094
Illinois,IL,Shelby,17173,940,0.53,782,0.441,1,0.089
Illinois,IL,Bond,17005,858,0.534,718,0.447,1,0.087
Illinois,IL,Clark,17023,664,0.53,560,0.447,1,0.083
Illinois,IL,Randolph,17157,1549,0.528,1306,0.445,1,0.083
Illinois,IL,Fulton,17057,2537,0.533,2150,0.451,1,0.082
Illinois,IL,DeWitt,17039,659,0.533,561,0.454,1,0.079
Illinois,IL,Kankakee,17091,5751,0.536,4898,0.457,1,0.079
Illinois,IL,Johnson,17087,420,0.525,361,0.451,1,0.074
Illinois,IL,Clay,17025,439,0.521,378,0.449,1,0.072
Illinois,IL,Hamilton,17065,485,0.497,418,0.428,1,0.069
Illinois,IL,Sangamon,17167,10365,0.526,9255,0.469,1,0.057
Illinois,IL,Calhoun,17013,503,0.507,446,0.45,1,0.057
Illinois,IL,Putnam,17155,504,0.52,450,0.464,1,0.056
Illinois,IL,Knox,17095,3168,0.521,2836,0.467,1,0.054
Illinois,IL,Will,17197,46305,0.524,41651,0.471,1,0.053
Illinois,IL,Winnebago,17201,16715,0.523,15065,0.472,1,0.051
Illinois,IL,DuPage,17043,65159,0.523,59103,0.474,1,0.049
Illinois,IL,Saline,17165,1150,0.507,1042,0.459,1,0.048
Illinois,IL,Christian,17021,1526,0.512,1395,0.468,1,0.044
Illinois,IL,Stark,17175,215,0.514,197,0.471,1,0.043
Illinois,IL,Perry,17145,930,0.51,853,0.468,1,0.042
Illinois,IL,Whiteside,17195,3102,0.514,2895,0.48,1,0.034
Illinois,IL,Scott,17171,161,0.5,150,0.466,1,0.034
Illinois,IL,Cass,17017,539,0.502,504,0.469,1,0.033
Illinois,IL,Jefferson,17081,1775,0.499,1677,0.472,1,0.027
Illinois,IL,Greene,17061,530,0.494,503,0.469,1,0.025
Illinois,IL,Edgar,17045,468,0.497,446,0.474,1,0.023
Illinois,IL,Marion,17121,1681,0.498,1609,0.477,1,0.021
Illinois,IL,Fayette,17051,641,0.499,616,0.48,1,0.019
Illinois,IL,Edwards,17047,148,0.498,143,0.481,1,0.017
Illinois,IL,Marshall,17123,586,0.505,568,0.49,1,0.015
Illinois,IL,Lawrence,17101,429,0.483,417,0.47,1,0.013
Illinois,IL,Carroll,17015,640,0.5,625,0.488,1,0.012
Illinois,IL,Montgomery,17135,1266,0.493,1241,0.483,1,0.01
Illinois,IL,Warren,17187,741,0.5,726,0.49,1,0.01
Illinois,IL,Mason,17125,676,0.489,680,0.492,0,-0.003
Illinois,IL,Brown,17009,156,0.48,160,0.492,0,-0.012
Illinois,IL,Stephenson,17177,1899,0.488,1953,0.502,0,-0.014
Illinois,IL,Wabash,17185,343,0.48,356,0.499,0,-0.019
Illinois,IL,Crawford,17033,583,0.479,609,0.501,0,-0.022
Illinois,IL,Henry,17073,2056,0.484,2156,0.507,0,-0.023
Illinois,IL,White,17193,530,0.46,565,0.49,0,-0.03
Illinois,IL,Adams,17001,1609,0.472,1731,0.507,0,-0.035
Illinois,IL,JoDaviess,17085,1225,0.479,1315,0.514,0,-0.035
Illinois,IL,Vermilion,17183,2781,0.472,3017,0.512,0,-0.04
Illinois,IL,Massac,17127,492,0.469,539,0.513,0,-0.044
Illinois,IL,Pike,17149,451,0.463,495,0.508,0,-0.045
Illinois,IL,Rock Island,17161,9327,0.471,10216,0.516,0,-0.045
Illinois,IL,Peoria,17143,10345,0.474,11341,0.52,0,-0.046
Illinois,IL,Mercer,17131,859,0.466,946,0.513,0,-0.047
Illinois,IL,Lake,17097,44355,0.47,49750,0.527,0,-0.057
Illinois,IL,Henderson,17071,296,0.455,338,0.52,0,-0.065
Illinois,IL,Cook County,17031,523653,0.459415664,616171,0.540584336,0,-0.081168672
Illinois,IL,Macon,17115,4990,0.452,5945,0.538,0,-0.086
Illinois,IL,Schuyler,17169,293,0.433,368,0.544,0,-0.111
Illinois,IL,St. Clair,17163,15565,0.422,20987,0.569,0,-0.147
Illinois,IL,Hancock,17067,431,0.407,607,0.574,0,-0.167
Illinois,IL,Alexander,17003,434,0.338,770,0.6,0,-0.262
Illinois,IL,Pulaski,17153,158,0.346,285,0.624,0,-0.278
Indiana,IN,Monroe,18105,15166,0.653,8063,0.347,1,0.306
Indiana,IN,Owen,18119,1056,0.626,631,0.374,1,0.252
Indiana,IN,Tippecanoe,18157,9580,0.615,5998,0.385,1,0.23
Indiana,IN,Brown,18013,1269,0.612,805,0.388,1,0.224
Indiana,IN,Lawrence,18093,1648,0.608,1062,0.392,1,0.216
Indiana,IN,Kosciusko,18085,2120,0.607,1373,0.393,1,0.214
Indiana,IN,Johnson,18081,5480,0.598,3686,0.402,1,0.196
Indiana,IN,Huntington,18069,1227,0.595,836,0.405,1,0.19
Indiana,IN,Cass,18017,1655,0.593,1137,0.407,1,0.186
Indiana,IN,Elkhart,18039,6935,0.592,4788,0.408,1,0.184
Indiana,IN,Hancock,18059,2600,0.592,1793,0.408,1,0.184
Indiana,IN,Jasper,18073,1323,0.592,910,0.408,1,0.184
Indiana,IN,Clinton,18023,1046,0.591,724,0.409,1,0.182
Indiana,IN,Marshall,18099,1705,0.587,1202,0.413,1,0.174
Indiana,IN,Hendricks,18063,6898,0.586,4873,0.414,1,0.172
Indiana,IN,Porter,18127,13344,0.585,9466,0.415,1,0.17
Indiana,IN,Tipton,18159,606,0.581,437,0.419,1,0.162
Indiana,IN,Parke,18121,539,0.579,392,0.421,1,0.158
Indiana,IN,Sullivan,18153,1454,0.579,1058,0.421,1,0.158
Indiana,IN,Miami,18103,987,0.578,720,0.422,1,0.156
Indiana,IN,Montgomery,18107,966,0.575,715,0.425,1,0.15
Indiana,IN,Greene,18055,1464,0.574,1086,0.426,1,0.148
Indiana,IN,Morgan,18109,2158,0.574,1600,0.426,1,0.148
Indiana,IN,Pulaski,18131,473,0.574,351,0.426,1,0.148
Indiana,IN,Rush,18139,561,0.574,417,0.426,1,0.148
Indiana,IN,Daviess,18027,701,0.565,539,0.435,1,0.13
Indiana,IN,Whitley,18183,1143,0.564,883,0.436,1,0.128
Indiana,IN,White,18181,912,0.563,709,0.437,1,0.126
Indiana,IN,Carroll,18015,648,0.561,508,0.439,1,0.122
Indiana,IN,Delaware,18035,7728,0.557,6137,0.443,1,0.114
Indiana,IN,Randolph,18135,887,0.557,705,0.443,1,0.114
Indiana,IN,Benton,18007,235,0.553,190,0.447,1,0.106
Indiana,IN,Boone,18011,2555,0.552,2075,0.448,1,0.104
Indiana,IN,Posey,18129,1378,0.552,1117,0.448,1,0.104
Indiana,IN,Shelby,18145,1497,0.552,1215,0.448,1,0.104
Indiana,IN,Vigo,18167,7434,0.552,6042,0.448,1,0.104
Indiana,IN,Putnam,18133,1189,0.55,974,0.45,1,0.1
Indiana,IN,Vermillion,18165,1309,0.549,1074,0.451,1,0.098
Indiana,IN,Starke,18149,1277,0.548,1055,0.452,1,0.096
Indiana,IN,Newton,18111,521,0.546,434,0.454,1,0.092
Indiana,IN,Henry,18065,2139,0.545,1789,0.455,1,0.09
Indiana,IN,Martin,18101,486,0.544,407,0.456,1,0.088
Indiana,IN,Wabash,18169,1080,0.544,906,0.456,1,0.088
Indiana,IN,Wayne,18177,2411,0.544,2025,0.456,1,0.088
Indiana,IN,Pike,18125,625,0.543,526,0.457,1,0.086
Indiana,IN,Vanderburgh,18163,9132,0.543,7679,0.457,1,0.086
Indiana,IN,Hamilton,18057,14557,0.542,12297,0.458,1,0.084
Indiana,IN,LaPorte,18091,7273,0.541,6178,0.459,1,0.082
Indiana,IN,Warrick,18173,3139,0.54,2677,0.46,1,0.08
Indiana,IN,Decatur,18031,733,0.537,631,0.463,1,0.074
Indiana,IN,Fulton,18049,683,0.535,594,0.465,1,0.07
Indiana,IN,Bartholomew,18005,3182,0.534,2778,0.466,1,0.068
Indiana,IN,Steuben,18151,1120,0.533,981,0.467,1,0.066
Indiana,IN,Clay,18021,1049,0.53,931,0.47,1,0.06
Indiana,IN,Noble,18113,1274,0.529,1134,0.471,1,0.058
Indiana,IN,Fountain,18045,462,0.528,413,0.472,1,0.056
Indiana,IN,St. Joseph,18141,17355,0.528,15514,0.472,1,0.056
Indiana,IN,DeKalb,18033,1269,0.527,1139,0.473,1,0.054
Indiana,IN,Fayette,18041,1097,0.527,984,0.473,1,0.054
Indiana,IN,LaGrange,18087,578,0.526,521,0.474,1,0.052
Indiana,IN,Jennings,18079,921,0.524,837,0.476,1,0.048
Indiana,IN,Orange,18117,661,0.523,603,0.477,1,0.046
Indiana,IN,Allen,18003,16435,0.522,15032,0.478,1,0.044
Indiana,IN,Madison,18095,7170,0.519,6635,0.481,1,0.038
Indiana,IN,Warren,18171,273,0.515,257,0.485,1,0.03
Indiana,IN,Howard,18067,3733,0.514,3526,0.486,1,0.028
Indiana,IN,Wells,18179,796,0.511,763,0.489,1,0.022
Indiana,IN,Adams,18001,1030,0.51,991,0.49,1,0.02
Indiana,IN,Blackford,18009,514,0.51,493,0.49,1,0.02
Indiana,IN,Ripley,18137,690,0.506,674,0.494,1,0.012
Indiana,IN,Knox,18083,1774,0.505,1742,0.495,1,0.01
Indiana,IN,Jay,18075,704,0.504,692,0.496,1,0.008
Indiana,IN,Grant,18053,2344,0.503,2318,0.497,1,0.006
Indiana,IN,Union,18161,205,0.5,205,0.5,0,0
Indiana,IN,Dubois,18037,2293,0.499,2305,0.501,0,-0.002
Indiana,IN,Marion,18097,58799,0.496,59649,0.504,0,-0.008
Indiana,IN,Gibson,18051,1453,0.495,1484,0.505,0,-0.01
Indiana,IN,Spencer,18147,1030,0.493,1060,0.507,0,-0.014
Indiana,IN,Switzerland,18155,410,0.488,430,0.512,0,-0.024
Indiana,IN,Jackson,18071,1380,0.485,1467,0.515,0,-0.03
Indiana,IN,Washington,18175,932,0.483,999,0.517,0,-0.034
Indiana,IN,Crawford,18025,616,0.474,684,0.526,0,-0.052
Indiana,IN,Dearborn,18029,1245,0.473,1389,0.527,0,-0.054
Indiana,IN,Floyd,18043,4108,0.473,4584,0.527,0,-0.054
Indiana,IN,Jefferson,18077,1465,0.471,1648,0.529,0,-0.058
Indiana,IN,Harrison,18061,1627,0.463,1887,0.537,0,-0.074
Indiana,IN,Clark,18019,5305,0.461,6192,0.539,0,-0.078
Indiana,IN,Franklin,18047,552,0.453,667,0.547,0,-0.094
Indiana,IN,Perry,18123,1114,0.451,1358,0.549,0,-0.098
Indiana,IN,Scott,18143,1288,0.448,1588,0.552,0,-0.104
Indiana,IN,Lake,18089,32893,0.433,43091,0.567,0,-0.134
Indiana,IN,Ohio,18115,178,0.418,248,0.582,0,-0.164
Iowa,IA,Jefferson,19101,654,0.727,245,0.273,1,0.454
Iowa,IA,Montgomery,19137,192,0.64,108,0.36,1,0.28
Iowa,IA,Johnson,19103,5473,0.595,3700,0.402,1,0.193
Iowa,IA,Story,19169,2737,0.595,1862,0.405,1,0.19
Iowa,IA,Butler,19023,350,0.583,250,0.417,1,0.166
Iowa,IA,Lyon,19119,113,0.568,80,0.402,1,0.166
Iowa,IA,Shelby,19165,232,0.58,168,0.42,1,0.16
Iowa,IA,Winnebago,19189,230,0.575,170,0.425,1,0.15
Iowa,IA,Winneshiek,19191,616,0.56,484,0.44,1,0.12
Iowa,IA,Cedar,19031,445,0.557,354,0.443,1,0.114
Iowa,IA,Boone,19015,715,0.55,585,0.45,1,0.1
Iowa,IA,Harrison,19085,273,0.547,226,0.453,1,0.094
Iowa,IA,Cherokee,19035,218,0.546,181,0.454,1,0.092
Iowa,IA,Worth,19195,218,0.546,181,0.454,1,0.092
Iowa,IA,Muscatine,19139,972,0.54,828,0.46,1,0.08
Iowa,IA,Howard,19089,215,0.539,184,0.461,1,0.078
Iowa,IA,Union,19175,268,0.537,231,0.463,1,0.074
Iowa,IA,Woodbury,19193,1920,0.533,1665,0.463,1,0.07
Iowa,IA,Jones,19105,480,0.534,419,0.466,1,0.068
Iowa,IA,Marshall,19127,960,0.534,839,0.466,1,0.068
Iowa,IA,Des Moines,19057,1066,0.533,933,0.467,1,0.066
Iowa,IA,Van Buren,19177,106,0.533,93,0.467,1,0.066
Iowa,IA,Black Hawk,19013,3647,0.529,3220,0.467,1,0.062
Iowa,IA,Poweshiek,19157,475,0.528,424,0.472,1,0.056
Iowa,IA,Fremont,19071,135,0.5,120,0.444,1,0.056
Iowa,IA,Grundy,19075,206,0.518,186,0.467,1,0.051
Iowa,IA,Linn,19113,6331,0.523,5733,0.474,1,0.049
Iowa,IA,Clinton,19045,1234,0.514,1165,0.486,1,0.028
Iowa,IA,Sioux,19167,202,0.506,192,0.481,1,0.025
Iowa,IA,Dickinson,19059,358,0.512,341,0.488,1,0.024
Iowa,IA,Clayton,19043,408,0.51,392,0.49,1,0.02
Iowa,IA,Pottawattamie,19155,1573,0.508,1519,0.49,1,0.018
Iowa,IA,Scott,19163,4144,0.505,4025,0.491,1,0.014
Iowa,IA,Monroe,19135,133,0.446,129,0.433,1,0.013
Iowa,IA,Clay,19041,303,0.506,296,0.494,1,0.012
Iowa,IA,Page,19145,202,0.506,197,0.494,1,0.012
Iowa,IA,Cerro Gordo,19033,1108,0.504,1091,0.496,1,0.008
Iowa,IA,Buena Vista,19021,291,0.486,291,0.486,0,0
Iowa,IA,Calhoun,19025,200,0.5,200,0.5,0,0
Iowa,IA,Henry,19087,350,0.5,350,0.5,0,0
Iowa,IA,Allamakee,19005,296,0.493,304,0.507,0,-0.014
Iowa,IA,Iowa,19095,343,0.49,357,0.51,0,-0.02
Iowa,IA,Marion,19125,624,0.48,650,0.5,0,-0.02
Iowa,IA,Mills,19129,244,0.489,255,0.511,0,-0.022
Iowa,IA,Decatur,19053,141,0.472,150,0.502,0,-0.03
Iowa,IA,Crawford,19047,208,0.417,225,0.451,0,-0.034
Iowa,IA,O'Brien,19141,141,0.473,152,0.51,0,-0.037
Iowa,IA,Jackson,19097,414,0.46,450,0.5,0,-0.04
Iowa,IA,Dubuque,19061,2276,0.474,2504,0.522,0,-0.048
Iowa,IA,Buchanan,19019,475,0.475,525,0.525,0,-0.05
Iowa,IA,Fayette,19065,468,0.469,525,0.526,0,-0.057
Iowa,IA,Tama,19171,423,0.471,476,0.529,0,-0.058
Iowa,IA,Jasper,19099,810,0.45,927,0.515,0,-0.065
Iowa,IA,Ida,19093,93,0.467,106,0.533,0,-0.066
Iowa,IA,Madison,19121,280,0.467,320,0.533,0,-0.066
Iowa,IA,Palo Alto,19147,186,0.466,213,0.534,0,-0.068
Iowa,IA,Polk,19153,10526,0.462,12122,0.532,0,-0.07
Iowa,IA,Washington,19183,415,0.462,484,0.538,0,-0.076
Iowa,IA,Greene,19073,184,0.461,215,0.539,0,-0.078
Iowa,IA,Bremer,19017,544,0.453,640,0.533,0,-0.08
Iowa,IA,Webster,19187,720,0.45,866,0.542,0,-0.092
Iowa,IA,Appanoose,19007,226,0.453,273,0.547,0,-0.094
Iowa,IA,Lee,19111,770,0.453,929,0.547,0,-0.094
Iowa,IA,Wright,19197,226,0.453,273,0.547,0,-0.094
Iowa,IA,Guthrie,19077,180,0.45,220,0.55,0,-0.1
Iowa,IA,Sac,19161,135,0.45,165,0.55,0,-0.1
Iowa,IA,Wapello,19179,667,0.447,817,0.548,0,-0.101
Iowa,IA,Plymouth,19149,312,0.446,387,0.554,0,-0.108
Iowa,IA,Humboldt,19091,133,0.445,166,0.555,0,-0.11
Iowa,IA,Adair,19001,132,0.44,168,0.56,0,-0.12
Iowa,IA,Benton,19011,528,0.44,672,0.56,0,-0.12
Iowa,IA,Delaware,19055,344,0.43,440,0.55,0,-0.12
Iowa,IA,Emmet,19063,132,0.44,168,0.56,0,-0.12
Iowa,IA,Warren,19181,953,0.433,1217,0.553,0,-0.12
Iowa,IA,Mahaska,19123,306,0.438,393,0.562,0,-0.124
Iowa,IA,Floyd,19067,346,0.433,453,0.567,0,-0.134
Iowa,IA,Adams,19003,86,0.432,113,0.568,0,-0.136
Iowa,IA,Louisa,19115,168,0.42,224,0.56,0,-0.14
Iowa,IA,Franklin,19069,168,0.422,226,0.568,0,-0.146
Iowa,IA,Hardin,19083,296,0.423,403,0.577,0,-0.154
Iowa,IA,Dallas,19049,1208,0.417,1667,0.575,0,-0.158
Iowa,IA,Clarke,19039,168,0.42,232,0.58,0,-0.16
Iowa,IA,Davis,19051,126,0.42,174,0.58,0,-0.16
Iowa,IA,Hamilton,19079,246,0.411,353,0.589,0,-0.178
Iowa,IA,Osceola,19143,38,0.384,56,0.566,0,-0.182
Iowa,IA,Lucas,19117,120,0.4,180,0.6,0,-0.2
Iowa,IA,Chickasaw,19037,233,0.389,360,0.601,0,-0.212
Iowa,IA,Monona,19133,116,0.388,180,0.602,0,-0.214
Iowa,IA,Cass,19029,190,0.38,300,0.6,0,-0.22
Iowa,IA,Hancock,19081,152,0.388,240,0.612,0,-0.224
Iowa,IA,Kossuth,19109,213,0.36,360,0.608,0,-0.248
Iowa,IA,Audubon,19009,112,0.375,187,0.625,0,-0.25
Iowa,IA,Carroll,19027,296,0.37,504,0.63,0,-0.26
Iowa,IA,Keokuk,19107,140,0.35,250,0.625,0,-0.275
Iowa,IA,Wayne,19185,70,0.35,130,0.65,0,-0.3
Iowa,IA,Mitchell,19131,135,0.338,260,0.65,0,-0.312
Iowa,IA,Ringgold,19159,67,0.337,132,0.663,0,-0.326
Iowa,IA,Pocahontas,19151,90,0.3,198,0.66,0,-0.36
Iowa,IA,Taylor,19173,60,0.3,140,0.7,0,-0.4
Kentucky,KY,Harlan,21095,1092,0.628,451,0.259,1,0.369
Kentucky,KY,Carlisle,21039,462,0.575,206,0.256,1,0.319
Kentucky,KY,Letcher,21133,1788,0.569,838,0.267,1,0.302
Kentucky,KY,Perry,21193,1666,0.596,839,0.3,1,0.296
Kentucky,KY,Pike,21195,4848,0.543,2335,0.261,1,0.282
Kentucky,KY,Knott,21119,1114,0.588,583,0.308,1,0.28
Kentucky,KY,Robertson,21201,177,0.596,95,0.32,1,0.276
Kentucky,KY,Martin,21159,191,0.574,104,0.312,1,0.262
Kentucky,KY,Morgan,21175,988,0.573,544,0.316,1,0.257
Kentucky,KY,Jackson,21109,128,0.59,78,0.359,1,0.231
Kentucky,KY,Floyd,21071,4010,0.541,2327,0.314,1,0.227
Kentucky,KY,Johnson,21115,749,0.555,444,0.329,1,0.226
Kentucky,KY,Bracken,21023,424,0.549,251,0.325,1,0.224
Kentucky,KY,Owen,21187,720,0.55,453,0.346,1,0.204
Kentucky,KY,Ballard,21007,659,0.52,405,0.32,1,0.2
Kentucky,KY,Webster,21233,1169,0.485,693,0.287,1,0.198
Kentucky,KY,Graves,21083,2631,0.513,1631,0.318,1,0.195
Kentucky,KY,Hopkins,21107,2696,0.522,1690,0.327,1,0.195
Kentucky,KY,Union,21225,1106,0.493,672,0.299,1,0.194
Kentucky,KY,Calloway,21035,2239,0.55,1460,0.358,1,0.192
Kentucky,KY,Todd,21219,507,0.535,333,0.351,1,0.184
Kentucky,KY,Livingston,21139,610,0.524,400,0.344,1,0.18
Kentucky,KY,Breathitt,21025,1716,0.518,1123,0.339,1,0.179
Kentucky,KY,Caldwell,21033,866,0.521,570,0.343,1,0.178
Kentucky,KY,Lawrence,21127,659,0.524,444,0.353,1,0.171
Kentucky,KY,Elliott,21063,443,0.526,301,0.357,1,0.169
Kentucky,KY,LaRue,21123,910,0.516,612,0.347,1,0.169
Kentucky,KY,Anderson,21005,1649,0.524,1132,0.36,1,0.164
Kentucky,KY,Marshall,21157,2308,0.508,1577,0.347,1,0.161
Kentucky,KY,Crittenden,21055,344,0.51,240,0.356,1,0.154
Kentucky,KY,Pendleton,21191,546,0.515,388,0.366,1,0.149
Kentucky,KY,Hickman,21105,300,0.466,209,0.325,1,0.141
Kentucky,KY,Mercer,21167,1331,0.526,988,0.391,1,0.135
Kentucky,KY,Barren,21009,2653,0.499,1979,0.372,1,0.127
Kentucky,KY,Carter,21043,1051,0.514,800,0.391,1,0.123
Kentucky,KY,Gallatin,21077,340,0.516,260,0.395,1,0.121
Kentucky,KY,McLean,21149,628,0.501,477,0.381,1,0.12
Kentucky,KY,Hart,21099,1062,0.516,817,0.397,1,0.119
Kentucky,KY,Trimble,21223,542,0.5,415,0.383,1,0.117
Kentucky,KY,Fleming,21069,806,0.523,627,0.407,1,0.116
Kentucky,KY,Madison,21151,4385,0.53,3441,0.416,1,0.114
Kentucky,KY,Green,21087,360,0.512,284,0.404,1,0.108
Kentucky,KY,Magoffin,21153,626,0.523,511,0.427,1,0.096
Kentucky,KY,Henry,21103,958,0.498,781,0.406,1,0.092
Kentucky,KY,Leslie,21131,77,0.527,64,0.438,1,0.089
Kentucky,KY,Ohio,21183,943,0.5,778,0.413,1,0.087
Kentucky,KY,Wolfe,21237,499,0.507,414,0.421,1,0.086
Kentucky,KY,McCreary,21147,203,0.504,169,0.419,1,0.085
Kentucky,KY,Spencer,21215,806,0.512,673,0.427,1,0.085
Kentucky,KY,Grant,21081,715,0.492,594,0.409,1,0.083
Kentucky,KY,Powell,21197,744,0.507,623,0.424,1,0.083
Kentucky,KY,Harrison,21097,1059,0.495,886,0.414,1,0.081
Kentucky,KY,Nicholas,21181,420,0.502,353,0.422,1,0.08
Kentucky,KY,Carroll,21041,573,0.494,481,0.415,1,0.079
Kentucky,KY,Owsley,21189,91,0.511,77,0.433,1,0.078
Kentucky,KY,Trigg,21221,715,0.483,604,0.408,1,0.075
Kentucky,KY,Meade,21163,1541,0.492,1312,0.419,1,0.073
Kentucky,KY,Hancock,21091,573,0.497,491,0.425,1,0.072
Kentucky,KY,Rowan,21205,1363,0.512,1170,0.44,1,0.072
Kentucky,KY,Metcalfe,21169,582,0.479,506,0.417,1,0.062
Kentucky,KY,Jessamine,21113,2113,0.498,1875,0.442,1,0.056
Kentucky,KY,Lee,21129,224,0.483,199,0.429,1,0.054
Kentucky,KY,Cumberland,21057,87,0.5,78,0.448,1,0.052
Kentucky,KY,Lyon,21143,561,0.457,497,0.405,1,0.052
Kentucky,KY,Warren,21227,5365,0.499,4829,0.449,1,0.05
Kentucky,KY,Bullitt,21029,3210,0.491,2907,0.444,1,0.047
Kentucky,KY,Greenup,21089,1655,0.477,1517,0.438,1,0.039
Kentucky,KY,Rockcastle,21203,254,0.488,238,0.457,1,0.031
Kentucky,KY,Mason,21161,775,0.47,727,0.441,1,0.029
Kentucky,KY,McCracken,21145,3541,0.465,3334,0.438,1,0.027
Kentucky,KY,Muhlenberg,21177,1632,0.457,1544,0.433,1,0.024
Kentucky,KY,Logan,21141,1131,0.46,1077,0.438,1,0.022
Kentucky,KY,Clark,21049,1888,0.475,1810,0.455,1,0.02
Kentucky,KY,Menifee,21165,323,0.465,311,0.448,1,0.017
Kentucky,KY,Franklin,21073,5398,0.466,5218,0.451,1,0.015
Kentucky,KY,Boyd,21019,2262,0.461,2193,0.447,1,0.014
Kentucky,KY,Allen,21003,440,0.474,427,0.46,1,0.014
Kentucky,KY,Woodford,21239,1918,0.477,1862,0.463,1,0.014
Kentucky,KY,Montgomery,21173,1322,0.47,1289,0.458,1,0.012
Kentucky,KY,Daviess,21059,5188,0.466,5066,0.455,1,0.011
Kentucky,KY,Bath,21011,641,0.466,628,0.456,1,0.01
Kentucky,KY,Bell,21013,578,0.456,567,0.447,1,0.009
Kentucky,KY,Breckinridge,21027,875,0.458,877,0.459,0,-0.001
Kentucky,KY,Henderson,21101,2850,0.429,2887,0.434,0,-0.005
Kentucky,KY,Campbell,21037,3133,0.475,3169,0.481,0,-0.006
Kentucky,KY,Estill,21065,440,0.47,446,0.476,0,-0.006
Kentucky,KY,Pulaski,21199,1148,0.466,1169,0.474,0,-0.008
Kentucky,KY,Simpson,21213,695,0.451,708,0.459,0,-0.008
Kentucky,KY,Bourbon,21017,1087,0.456,1109,0.465,0,-0.009
Kentucky,KY,Nelson,21179,2345,0.466,2395,0.476,0,-0.01
Kentucky,KY,Knox,21121,504,0.464,520,0.479,0,-0.015
Kentucky,KY,Russell,21207,332,0.467,343,0.482,0,-0.015
Kentucky,KY,Washington,21229,582,0.455,601,0.47,0,-0.015
Kentucky,KY,Hardin,21093,4208,0.462,4359,0.478,0,-0.016
Kentucky,KY,Lincoln,21137,742,0.455,779,0.477,0,-0.022
Kentucky,KY,Scott,21209,2394,0.464,2505,0.486,0,-0.022
Kentucky,KY,Edmonson,21061,262,0.471,275,0.495,0,-0.024
Kentucky,KY,Kenton,21117,4880,0.465,5146,0.49,0,-0.025
Kentucky,KY,Laurel,21125,791,0.459,845,0.491,0,-0.032
Kentucky,KY,Shelby,21211,2044,0.445,2195,0.478,0,-0.033
Kentucky,KY,Grayson,21085,630,0.446,705,0.499,0,-0.053
Kentucky,KY,Garrard,21079,387,0.45,434,0.505,0,-0.055
Kentucky,KY,Taylor,21217,844,0.448,949,0.503,0,-0.055
Kentucky,KY,Adair,21001,410,0.437,466,0.496,0,-0.059
Kentucky,KY,Boyle,21021,1451,0.439,1648,0.499,0,-0.06
Kentucky,KY,Casey,21045,182,0.44,210,0.507,0,-0.067
Kentucky,KY,Clay,21051,158,0.416,184,0.484,0,-0.068
Kentucky,KY,Monroe,21171,109,0.44,126,0.508,0,-0.068
Kentucky,KY,Boone,21015,2496,0.441,2932,0.518,0,-0.077
Kentucky,KY,Marion,21155,983,0.426,1162,0.503,0,-0.077
Kentucky,KY,Fayette,21067,17048,0.45,20014,0.528,0,-0.078
Kentucky,KY,Oldham,21185,2315,0.444,2730,0.524,0,-0.08
Kentucky,KY,Butler,21031,196,0.421,238,0.511,0,-0.09
Kentucky,KY,Christian,21047,1936,0.399,2437,0.502,0,-0.103
Kentucky,KY,Fulton,21075,245,0.362,315,0.466,0,-0.104
Kentucky,KY,Whitley,21235,409,0.411,522,0.525,0,-0.114
Kentucky,KY,Lewis,21135,151,0.37,211,0.517,0,-0.147
Kentucky,KY,Wayne,21231,356,0.394,502,0.556,0,-0.162
Kentucky,KY,Jefferson,21111,45048,0.403,64090,0.573,0,-0.17
Kentucky,KY,Clinton,21053,93,0.356,151,0.579,0,-0.223
Maine,ME,Waldo,23027,57,0.74025974,20,0.25974026,1,0.480519481
Maine,ME,Oxford,23017,83,0.72173913,32,0.27826087,1,0.443478261
Maine,ME,Franklin,23007,45,0.714285714,18,0.285714286,1,0.428571429
Maine,ME,Washington,23029,41,0.694915254,18,0.305084746,1,0.389830508
Maine,ME,Knox,23013,61,0.693181818,27,0.306818182,1,0.386363636
Maine,ME,Androscoggin,23001,61,0.67032967,30,0.32967033,1,0.340659341
Maine,ME,Hancock,23009,89,0.669172932,44,0.330827068,1,0.338345865
Maine,ME,Lincoln,23015,58,0.666666667,29,0.333333333,1,0.333333333
Maine,ME,York,23031,196,0.66440678,99,0.33559322,1,0.328813559
Maine,ME,Penobscot,23019,145,0.647321429,79,0.352678571,1,0.294642857
Maine,ME,Piscataquis,23021,25,0.641025641,14,0.358974359,1,0.282051282
Maine,ME,Sagadahoc,23023,50,0.617283951,31,0.382716049,1,0.234567901
Maine,ME,Somerset,23025,66,0.61682243,41,0.38317757,1,0.23364486
Maine,ME,Kennebec,23011,120,0.597014925,81,0.402985075,1,0.194029851
Maine,ME,Cumberland,23005,307,0.592664093,211,0.407335907,1,0.185328185
Maine,ME,Aroostook,23003,66,0.55,54,0.45,1,0.1
Maryland,MD,Garrett,24023,879,0.471,760,0.408,1,0.063
Maryland,MD,Allegany,24001,2469,0.447,2311,0.418,1,0.029
Maryland,MD,Carroll,24013,6686,0.475,6516,0.463,1,0.012
Maryland,MD,Cecil,24015,3350,0.452,3367,0.454,0,-0.002
Maryland,MD,Frederick,24021,11324,0.436,13466,0.518,0,-0.082
Maryland,MD,Washington,24043,4867,0.41,5851,0.493,0,-0.083
Maryland,MD,Caroline,24011,902,0.412,1125,0.514,0,-0.102
Maryland,MD,Harford,24025,10817,0.416,13460,0.518,0,-0.102
Maryland,MD,St. Mary's,24037,3415,0.395,4551,0.527,0,-0.132
Maryland,MD,Queen Anne's,24035,1759,0.403,2342,0.536,0,-0.133
Maryland,MD,Kent,24029,1018,0.384,1460,0.551,0,-0.167
Maryland,MD,Anne Arundel,24003,24128,0.384,35659,0.568,0,-0.184
Maryland,MD,Worcester,24047,1939,0.36,3005,0.558,0,-0.198
Maryland,MD,Baltimore,24005,46779,0.37,73099,0.578,0,-0.208
Maryland,MD,Calvert,24009,3247,0.361,5168,0.575,0,-0.214
Maryland,MD,Howard,24027,18752,0.366,30873,0.603,0,-0.237
Maryland,MD,Wicomico,24045,3119,0.349,5258,0.588,0,-0.239
Maryland,MD,Talbot,24041,1445,0.343,2577,0.611,0,-0.268
Maryland,MD,Dorchester,24019,951,0.318,1800,0.602,0,-0.284
Maryland,MD,Somerset,24039,533,0.294,1136,0.626,0,-0.332
Maryland,MD,Baltimore City,24510,38710,0.312,81115,0.654,0,-0.342
Maryland,MD,Montgomery,24031,50741,0.311,109304,0.67,0,-0.359
Maryland,MD,Charles,24017,6246,0.282,15132,0.683,0,-0.401
Maryland,MD,Prince George's,24033,37199,0.242,113912,0.742,0,-0.5
Massachusetts,MA,Franklin,25011,26029,0.556817696,20717,0.443182304,1,0.113635391
Massachusetts,MA,Plymouth,25023,32750,0.537943495,28130,0.462056505,1,0.075886991
Massachusetts,MA,Barnstable,25001,20151,0.525970975,18161,0.474029025,1,0.05194195
Massachusetts,MA,Berkshire,25003,21728,0.519883237,20066,0.480116763,1,0.039766474
Massachusetts,MA,Nantucket,25019,1051,0.51773399,979,0.48226601,1,0.03546798
Massachusetts,MA,Essex,25009,68212,0.509006791,65798,0.490993209,1,0.018013581
Massachusetts,MA,Bristol,25005,36079,0.490210465,37520,0.509789535,0,-0.01957907
Massachusetts,MA,Suffolk,25025,6754,0.488323332,7077,0.511676668,0,-0.023353337
Massachusetts,MA,Middlesex,25017,135904,0.483197042,145356,0.516802958,0,-0.033605916
Massachusetts,MA,Dukes,25007,8535,0.473456482,9492,0.526543518,0,-0.053087036
Massachusetts,MA,Worcester,25027,119291,0.470394088,134307,0.529605912,0,-0.059211823
Massachusetts,MA,Norfolk,25021,56832,0.469751949,64151,0.530248051,0,-0.060496103
Massachusetts,MA,Hampden,25013,31292,0.466995985,35715,0.533004015,0,-0.066008029
Michigan,MI,Isabella,26073,4024,0.657,2032,0.332,1,0.325
Michigan,MI,Wexford,26165,1793,0.65,909,0.329,1,0.321
Michigan,MI,Grand Traverse,26055,8091,0.649,4140,0.332,1,0.317
Michigan,MI,Benzie,26019,1650,0.648,853,0.335,1,0.313
Michigan,MI,Emmet,26047,2589,0.641,1369,0.339,1,0.302
Michigan,MI,Ionia,26067,2812,0.641,1491,0.34,1,0.301
Michigan,MI,Ottawa,26139,14334,0.642,7686,0.344,1,0.298
Michigan,MI,Houghton,26061,2039,0.64,1109,0.348,1,0.292
Michigan,MI,Barry,26015,3078,0.628,1736,0.354,1,0.274
Michigan,MI,Luce,26095,291,0.618,167,0.355,1,0.263
Michigan,MI,Marquette,26103,5530,0.617,3188,0.356,1,0.261
Michigan,MI,Antrim,26009,1491,0.621,867,0.361,1,0.26
Michigan,MI,Kent,26081,43375,0.625,25899,0.373,1,0.252
Michigan,MI,Kalkaska,26079,987,0.623,590,0.372,1,0.251
Michigan,MI,Charlevoix,26029,1730,0.609,1044,0.367,1,0.242
Michigan,MI,Newaygo,26123,2139,0.607,1290,0.366,1,0.241
Michigan,MI,Montcalm,26117,2762,0.605,1681,0.368,1,0.237
Michigan,MI,Leelanau,26089,2359,0.61,1459,0.377,1,0.233
Michigan,MI,Alger,26003,622,0.6,384,0.371,1,0.229
Michigan,MI,St. Joseph,26149,2219,0.605,1382,0.377,1,0.228
Michigan,MI,Kalamazoo,26077,20146,0.606,12593,0.379,1,0.227
Michigan,MI,Allegan,26005,5545,0.603,3489,0.38,1,0.223
Michigan,MI,Oceana,26127,1237,0.598,791,0.382,1,0.216
Michigan,MI,Livingston,26093,10435,0.594,6705,0.381,1,0.213
Michigan,MI,Otsego,26137,1228,0.593,786,0.38,1,0.213
Michigan,MI,Gratiot,26057,1812,0.603,1185,0.394,1,0.209
Michigan,MI,Mecosta,26107,1767,0.586,1173,0.389,1,0.197
Michigan,MI,Midland,26111,4568,0.587,3097,0.398,1,0.189
Michigan,MI,Van Buren,26159,3656,0.585,2484,0.397,1,0.188
Michigan,MI,Missaukee,26113,591,0.577,399,0.39,1,0.187
Michigan,MI,Keweenaw,26083,188,0.584,128,0.398,1,0.186
Michigan,MI,Manistee,26101,1646,0.582,1120,0.396,1,0.186
Michigan,MI,Shiawassee,26155,4452,0.578,3031,0.394,1,0.184
Michigan,MI,Chippewa,26033,1789,0.58,1230,0.399,1,0.181
Michigan,MI,Mason,26105,1741,0.577,1223,0.406,1,0.171
Michigan,MI,Osceola,26133,953,0.574,670,0.404,1,0.17
Michigan,MI,St. Clair,26147,5165,0.582,3665,0.413,1,0.169
Michigan,MI,Hillsdale,26059,1380,0.567,977,0.402,1,0.165
Michigan,MI,Lapeer,26087,4650,0.565,3319,0.403,1,0.162
Michigan,MI,Baraga,26013,371,0.555,270,0.404,1,0.151
Michigan,MI,Clinton,26037,4524,0.558,3409,0.421,1,0.137
Michigan,MI,Cheboygan,26031,1318,0.556,1010,0.426,1,0.13
Michigan,MI,Jackson,26075,6804,0.55,5288,0.427,1,0.123
Michigan,MI,Crawford,26039,631,0.541,494,0.423,1,0.118
Michigan,MI,Sanilac,26151,1485,0.538,1160,0.42,1,0.118
Michigan,MI,Tuscola,26157,2532,0.544,1984,0.426,1,0.118
Michigan,MI,Washtenaw,26161,38063,0.554,30022,0.437,1,0.117
Michigan,MI,Mackinac,26097,633,0.555,500,0.439,1,0.116
Michigan,MI,Eaton,26045,7007,0.556,5560,0.441,1,0.115
Michigan,MI,Ingham,26065,22909,0.547,18287,0.437,1,0.11
Michigan,MI,Branch,26023,1246,0.536,1010,0.434,1,0.102
Michigan,MI,Lenawee,26091,4256,0.539,3455,0.437,1,0.102
Michigan,MI,Alpena,26007,1347,0.541,1102,0.443,1,0.098
Michigan,MI,Muskegon,26121,10062,0.537,8220,0.439,1,0.098
Michigan,MI,Delta,26041,1705,0.524,1409,0.433,1,0.091
Michigan,MI,Dickinson,26043,1075,0.515,908,0.435,1,0.08
Michigan,MI,Gogebic,26053,790,0.523,678,0.449,1,0.074
Michigan,MI,Oscoda,26135,315,0.518,273,0.449,1,0.069
Michigan,MI,Clare,26035,1239,0.52,1090,0.458,1,0.062
Michigan,MI,Huron,26063,1184,0.519,1050,0.46,1,0.059
Michigan,MI,Arenac,26011,663,0.514,595,0.461,1,0.053
Michigan,MI,Iosco,26069,1202,0.514,1077,0.461,1,0.053
Michigan,MI,Calhoun,26025,5810,0.515,5230,0.464,1,0.051
Michigan,MI,Schoolcraft,26153,345,0.506,312,0.457,1,0.049
Michigan,MI,Ontonagon,26131,362,0.491,327,0.444,1,0.047
Michigan,MI,Gladwin,26051,1083,0.509,985,0.463,1,0.046
Michigan,MI,Ogemaw,26129,926,0.497,862,0.462,1,0.035
Michigan,MI,Bay,26017,6363,0.493,5937,0.46,1,0.033
Michigan,MI,Iron,26071,546,0.5,527,0.483,1,0.017
Michigan,MI,Presque Isle,26141,606,0.488,592,0.477,1,0.011
Michigan,MI,Roscommon,26143,1187,0.483,1163,0.473,1,0.01
Michigan,MI,Monroe,26115,6842,0.481,6716,0.472,1,0.009
Michigan,MI,Cass,26027,1683,0.491,1657,0.484,1,0.007
Michigan,MI,Alcona,26001,455,0.479,463,0.487,0,-0.008
Michigan,MI,Montmorency,26119,383,0.476,392,0.487,0,-0.011
Michigan,MI,Macomb,26099,46242,0.474,47597,0.488,0,-0.014
Michigan,MI,Menominee,26109,805,0.47,835,0.487,0,-0.017
Michigan,MI,Lake,26085,514,0.47,548,0.501,0,-0.031
Michigan,MI,Oakland,26125,84158,0.468,92296,0.514,0,-0.046
Michigan,MI,Genesee,26049,28117,0.465,31284,0.517,0,-0.052
Michigan,MI,Berrien,26021,5952,0.471,6646,0.526,0,-0.055
Michigan,MI,Saginaw,26145,9619,0.43,12348,0.552,0,-0.122
Michigan,MI,Wayne,26163,104999,0.384,163886,0.6,0,-0.216
New Hampshire,NH,Cheshire,33005,12471,0.707093043,5166,0.292906957,1,0.414186086
New Hampshire,NH,Sullivan,33019,5906,0.702844222,2497,0.297155778,1,0.405688444
New Hampshire,NH,Grafton,33009,14258,0.673309407,6918,0.326690593,1,0.346618814
New Hampshire,NH,Coos,33007,3637,0.643716814,2013,0.356283186,1,0.287433628
New Hampshire,NH,Strafford,33017,15865,0.643193059,8801,0.356806941,1,0.286386118
New Hampshire,NH,Carroll,33003,5655,0.636465954,3230,0.363534046,1,0.272931908
New Hampshire,NH,Belknap,33001,5990,0.63185654,3490,0.36814346,1,0.26371308
New Hampshire,NH,Merrimack,33013,18076,0.596863134,12209,0.403136866,1,0.193726268
New Hampshire,NH,Hillsborough,33011,38646,0.579009664,28099,0.420990336,1,0.158019328
New Hampshire,NH,Rockingham,33015,31080,0.576527111,22829,0.423472889,1,0.153054222
Ohio,OH,Athens,39009,5663,0.612,3533,0.382,1,0.23
Ohio,OH,Hancock,39063,2490,0.542,2062,0.449,1,0.093
Ohio,OH,Wood,39173,7165,0.537,6108,0.458,1,0.079
Ohio,OH,Putnam,39137,936,0.523,811,0.453,1,0.07
Ohio,OH,Williams,39171,1156,0.526,1007,0.458,1,0.068
Ohio,OH,Knox,39083,1987,0.506,1902,0.485,1,0.021
Ohio,OH,Clinton,39027,942,0.503,909,0.485,1,0.018
Ohio,OH,Fulton,39051,1528,0.503,1480,0.487,1,0.016
Ohio,OH,Portage,39133,8877,0.502,8665,0.49,1,0.012
Ohio,OH,Gallia,39053,966,0.488,945,0.477,1,0.011
Ohio,OH,Clermont,39025,5710,0.5,5642,0.494,1,0.006
Ohio,OH,Greene,39057,6759,0.5,6672,0.494,1,0.006
Ohio,OH,Ashland,39005,1465,0.495,1451,0.491,1,0.004
Ohio,OH,Holmes,39075,558,0.485,561,0.488,0,-0.003
Ohio,OH,Seneca,39147,2064,0.492,2081,0.496,0,-0.004
Ohio,OH,Logan,39091,998,0.489,1012,0.496,0,-0.007
Ohio,OH,Wyandot,39175,647,0.486,661,0.497,0,-0.011
Ohio,OH,Henry,39069,952,0.487,977,0.5,0,-0.013
Ohio,OH,Vinton,39163,496,0.477,515,0.495,0,-0.018
Ohio,OH,Monroe,39111,1138,0.459,1191,0.481,0,-0.022
Ohio,OH,Defiance,39039,1435,0.482,1507,0.506,0,-0.024
Ohio,OH,Union,39159,1501,0.483,1580,0.508,0,-0.025
Ohio,OH,Meigs,39105,757,0.472,800,0.499,0,-0.027
Ohio,OH,Washington,39167,2411,0.476,2557,0.505,0,-0.029
Ohio,OH,Huron,39077,1907,0.477,2036,0.509,0,-0.032
Ohio,OH,Wayne,39169,3225,0.48,3448,0.513,0,-0.033
Ohio,OH,Auglaize,39011,952,0.471,1031,0.51,0,-0.039
Ohio,OH,Carroll,39019,976,0.462,1084,0.514,0,-0.052
Ohio,OH,Champaign,39021,1099,0.466,1226,0.519,0,-0.053
Ohio,OH,Tuscarawas,39157,4019,0.463,4479,0.516,0,-0.053
Ohio,OH,Morrow,39117,1035,0.463,1164,0.521,0,-0.058
Ohio,OH,Preble,39135,1046,0.464,1176,0.522,0,-0.058
Ohio,OH,Hocking,39073,1060,0.46,1204,0.523,0,-0.063
Ohio,OH,Van Wert,39161,621,0.454,710,0.519,0,-0.065
Ohio,OH,Columbiana,39029,3573,0.458,4106,0.526,0,-0.068
Ohio,OH,Medina,39103,6888,0.463,7913,0.531,0,-0.068
Ohio,OH,Hardin,39065,669,0.457,771,0.526,0,-0.069
Ohio,OH,Warren,39165,6054,0.463,6970,0.533,0,-0.07
Ohio,OH,Shelby,39149,1110,0.452,1284,0.523,0,-0.071
Ohio,OH,Butler,39017,11102,0.46,12874,0.534,0,-0.074
Ohio,OH,Licking,39089,5849,0.459,6785,0.533,0,-0.074
Ohio,OH,Miami,39109,2706,0.456,3155,0.532,0,-0.076
Ohio,OH,Sandusky,39143,2456,0.457,2866,0.534,0,-0.077
Ohio,OH,Crawford,39033,1141,0.436,1344,0.514,0,-0.078
Ohio,OH,Guernsey,39059,1228,0.452,1440,0.53,0,-0.078
Ohio,OH,Geauga,39055,3516,0.455,4171,0.54,0,-0.085
Ohio,OH,Coshocton,39031,1128,0.445,1358,0.536,0,-0.091
Ohio,OH,Mercer,39107,860,0.444,1037,0.535,0,-0.091
Ohio,OH,Scioto,39145,2903,0.446,3499,0.537,0,-0.091
Ohio,OH,Harrison,39067,674,0.438,818,0.532,0,-0.094
Ohio,OH,Lake,39085,10351,0.449,12506,0.543,0,-0.094
Ohio,OH,Trumbull,39155,14726,0.444,17903,0.539,0,-0.095
Ohio,OH,Belmont,39013,3263,0.435,3982,0.531,0,-0.096
Ohio,OH,Darke,39037,999,0.434,1246,0.542,0,-0.108
Ohio,OH,Franklin,39049,67855,0.444,84654,0.553,0,-0.109
Ohio,OH,Ashtabula,39007,4256,0.439,5320,0.549,0,-0.11
Ohio,OH,Fairfield,39045,5074,0.438,6408,0.553,0,-0.115
Ohio,OH,Erie,39043,4299,0.436,5449,0.553,0,-0.117
Ohio,OH,Ottawa,39123,2012,0.434,2566,0.554,0,-0.12
Ohio,OH,Highland,39071,873,0.431,1119,0.552,0,-0.121
Ohio,OH,Noble,39121,404,0.417,522,0.539,0,-0.122
Ohio,OH,Richland,39139,4080,0.433,5225,0.555,0,-0.122
Ohio,OH,Jefferson,39081,3353,0.423,4328,0.547,0,-0.124
Ohio,OH,Pickaway,39129,1631,0.432,2097,0.556,0,-0.124
Ohio,OH,Lorain,39093,16154,0.429,21144,0.561,0,-0.132
Ohio,OH,Morgan,39115,430,0.427,566,0.562,0,-0.135
Ohio,OH,Summit,39153,29451,0.429,38874,0.566,0,-0.137
Ohio,OH,Lawrence,39087,1994,0.416,2654,0.554,0,-0.138
Ohio,OH,Stark,39151,16235,0.426,21515,0.565,0,-0.139
Ohio,OH,Madison,39097,923,0.428,1225,0.568,0,-0.14
Ohio,OH,Paulding,39125,540,0.417,723,0.558,0,-0.141
Ohio,OH,Lucas,39095,24111,0.427,32137,0.569,0,-0.142
Ohio,OH,Muskingum,39119,2299,0.424,3066,0.566,0,-0.142
Ohio,OH,Allen,39003,2730,0.421,3670,0.566,0,-0.145
Ohio,OH,Marion,39101,1909,0.42,2585,0.569,0,-0.149
Ohio,OH,Perry,39127,1070,0.414,1465,0.567,0,-0.153
Ohio,OH,Adams,39001,638,0.413,877,0.568,0,-0.155
Ohio,OH,Ross,39141,2595,0.414,3582,0.572,0,-0.158
Ohio,OH,Delaware,39041,6891,0.418,9552,0.579,0,-0.161
Ohio,OH,Pike,39131,949,0.403,1336,0.568,0,-0.165
Ohio,OH,Fayette,39047,533,0.409,760,0.583,0,-0.174
Ohio,OH,Clark,39023,4905,0.405,7107,0.587,0,-0.182
Ohio,OH,Jackson,39079,694,0.401,1010,0.583,0,-0.182
Ohio,OH,Brown,39015,1067,0.398,1562,0.583,0,-0.185
Ohio,OH,Hamilton,39061,38956,0.402,57687,0.595,0,-0.193
Ohio,OH,Montgomery,39113,22538,0.401,33352,0.594,0,-0.193
Ohio,OH,Mahoning,39099,14066,0.397,21000,0.593,0,-0.196
Ohio,OH,Cuyahoga,39035,72297,0.363,125914,0.632,0,-0.269
Oregon,OR,Wheeler,41069,86,0.642,48,0.358,1,0.284
Oregon,OR,Grant,41023,381,0.641,213,0.359,1,0.282
Oregon,OR,Benton,41003,11567,0.612,7348,0.388,1,0.224
Oregon,OR,Lane,41039,41883,0.61,26772,0.39,1,0.22
Oregon,OR,Hood River,41027,2527,0.607,1633,0.393,1,0.214
Oregon,OR,Baker,41001,743,0.601,493,0.399,1,0.202
Oregon,OR,Harney,41025,352,0.599,236,0.401,1,0.198
Oregon,OR,Wallowa,41063,495,0.599,331,0.401,1,0.198
Oregon,OR,Lake,41037,293,0.596,199,0.404,1,0.192
Oregon,OR,Union,41061,1342,0.591,929,0.409,1,0.182
Oregon,OR,Wasco,41065,1795,0.588,1259,0.412,1,0.176
Oregon,OR,Columbia,41009,4221,0.581,3045,0.419,1,0.162
Oregon,OR,Linn,41043,6865,0.581,4943,0.419,1,0.162
Oregon,OR,Multnomah,41051,87247,0.57,65735,0.43,1,0.14
Oregon,OR,Josephine,41033,5229,0.567,3988,0.433,1,0.134
Oregon,OR,Jackson,41029,16112,0.563,12483,0.437,1,0.126
Oregon,OR,Coos,41011,4428,0.561,3472,0.439,1,0.122
Oregon,OR,Clatsop,41007,3334,0.559,2628,0.441,1,0.118
Oregon,OR,Douglas,41019,5691,0.558,4499,0.442,1,0.116
Oregon,OR,Klamath,41035,2826,0.554,2275,0.446,1,0.108
Oregon,OR,Crook,41013,1019,0.548,840,0.452,1,0.096
Oregon,OR,Yamhill,41071,6446,0.548,5321,0.452,1,0.096
Oregon,OR,Sherman,41055,81,0.547,67,0.453,1,0.094
Oregon,OR,Polk,41053,5323,0.545,4440,0.455,1,0.09
Oregon,OR,Tillamook,41057,2207,0.538,1899,0.462,1,0.076
Oregon,OR,Lincoln,41041,4674,0.537,4027,0.463,1,0.074
Oregon,OR,Washington,41067,41841,0.535,36321,0.465,1,0.07
Oregon,OR,Deschutes,41017,12325,0.533,10812,0.467,1,0.066
Oregon,OR,Umatilla,41059,2289,0.533,2003,0.467,1,0.066
Oregon,OR,Morrow,41049,332,0.532,292,0.468,1,0.064
Oregon,OR,Marion,41047,15677,0.53,13920,0.47,1,0.06
Oregon,OR,Curry,41015,1567,0.524,1424,0.476,1,0.048
Oregon,OR,Jefferson,41031,867,0.52,799,0.48,1,0.04
Oregon,OR,Malheur,41045,612,0.52,566,0.48,1,0.04
Oregon,OR,Clackamas,41005,27969,0.515,26378,0.485,1,0.03
Oregon,OR,Gilliam,41021,100,0.498,101,0.502,0,-0.004
Pennsylvania,PA,Columbia,42037,3455,0.584,2382,0.403,1,0.181
Pennsylvania,PA,Potter,42105,557,0.569,402,0.411,1,0.158
Pennsylvania,PA,Perry,42099,1751,0.562,1326,0.426,1,0.136
Pennsylvania,PA,Cameron,42023,228,0.54,176,0.417,1,0.123
Pennsylvania,PA,Huntingdon,42061,1664,0.553,1302,0.433,1,0.12
Pennsylvania,PA,Tioga,42117,1264,0.553,991,0.433,1,0.12
Pennsylvania,PA,Lycoming,42081,4717,0.545,3803,0.44,1,0.105
Pennsylvania,PA,Jefferson,42065,1486,0.535,1204,0.433,1,0.102
Pennsylvania,PA,Centre,42027,10269,0.546,8431,0.448,1,0.098
Pennsylvania,PA,Elk,42047,1791,0.528,1528,0.451,1,0.077
Pennsylvania,PA,Juniata,42067,741,0.523,638,0.45,1,0.073
Pennsylvania,PA,McKean,42083,1167,0.527,1013,0.457,1,0.07
Pennsylvania,PA,Blair,42013,4245,0.518,3816,0.466,1,0.052
Pennsylvania,PA,Wayne,42127,2010,0.517,1842,0.474,1,0.043
Pennsylvania,PA,Clearfield,42033,3318,0.507,3084,0.471,1,0.036
Pennsylvania,PA,Lancaster,42071,21202,0.515,19780,0.48,1,0.035
Pennsylvania,PA,Cambria,42021,8841,0.501,8304,0.471,1,0.03
Pennsylvania,PA,Adams,42001,4066,0.509,3846,0.482,1,0.027
Pennsylvania,PA,Berks,42011,21518,0.507,20470,0.483,1,0.024
Pennsylvania,PA,Montour,42093,887,0.503,845,0.479,1,0.024
Pennsylvania,PA,Wyoming,42131,1168,0.503,1123,0.483,1,0.02
Pennsylvania,PA,Venango,42121,2005,0.497,1935,0.48,1,0.017
Pennsylvania,PA,Crawford,42039,3683,0.5,3559,0.484,1,0.016
Pennsylvania,PA,Mifflin,42087,1242,0.499,1201,0.483,1,0.016
Pennsylvania,PA,Armstrong,42005,3015,0.497,2924,0.482,1,0.015
Pennsylvania,PA,Northumberland,42097,3547,0.5,3436,0.485,1,0.015
Pennsylvania,PA,Somerset,42111,3205,0.496,3112,0.482,1,0.014
Pennsylvania,PA,Carbon,42025,3418,0.499,3334,0.487,1,0.012
Pennsylvania,PA,Clinton,42035,1690,0.497,1647,0.485,1,0.012
Pennsylvania,PA,Bradford,42015,1792,0.497,1761,0.488,1,0.009
Pennsylvania,PA,Bedford,42009,1382,0.488,1387,0.49,0,-0.002
Pennsylvania,PA,Fulton,42057,364,0.487,366,0.489,0,-0.002
Pennsylvania,PA,Clarion,42031,1510,0.488,1528,0.493,0,-0.005
Pennsylvania,PA,Lebanon,42075,4482,0.493,4529,0.498,0,-0.005
Pennsylvania,PA,Union,42119,1519,0.493,1548,0.502,0,-0.009
Pennsylvania,PA,Snyder,42109,1080,0.484,1125,0.504,0,-0.02
Pennsylvania,PA,Susquehanna,42115,1602,0.482,1680,0.505,0,-0.023
Pennsylvania,PA,York,42133,17533,0.482,18445,0.507,0,-0.025
Pennsylvania,PA,Sullivan,42113,295,0.476,312,0.503,0,-0.027
Pennsylvania,PA,Pike,42103,1884,0.481,2006,0.512,0,-0.031
Pennsylvania,PA,Indiana,42063,3654,0.473,3915,0.507,0,-0.034
Pennsylvania,PA,Northampton,42095,16624,0.478,17804,0.512,0,-0.034
Pennsylvania,PA,Cumberland,42041,11167,0.479,11997,0.514,0,-0.035
Pennsylvania,PA,Schuylkill,42107,6040,0.474,6533,0.513,0,-0.039
Pennsylvania,PA,Erie,42049,17830,0.473,19511,0.518,0,-0.045
Pennsylvania,PA,Franklin,42055,4273,0.47,4700,0.517,0,-0.047
Pennsylvania,PA,Warren,42123,1582,0.464,1753,0.514,0,-0.05
Pennsylvania,PA,Luzerne,42079,18524,0.469,20530,0.52,0,-0.051
Pennsylvania,PA,Lehigh,42077,17742,0.47,19767,0.524,0,-0.054
Pennsylvania,PA,Butler,42019,7606,0.464,8529,0.521,0,-0.057
Pennsylvania,PA,Forest,42053,221,0.459,251,0.521,0,-0.062
Pennsylvania,PA,Greene,42059,1872,0.45,2166,0.521,0,-0.071
Pennsylvania,PA,Monroe,42089,6795,0.459,7901,0.533,0,-0.074
Pennsylvania,PA,Westmoreland,42129,20233,0.44,24968,0.543,0,-0.103
Pennsylvania,PA,Allegheny,42003,98012,0.441,122399,0.551,0,-0.11
Pennsylvania,PA,Chester,42029,26046,0.44,32985,0.557,0,-0.117
Pennsylvania,PA,Bucks,42017,36111,0.431,46876,0.559,0,-0.128
Pennsylvania,PA,Lackawanna,42069,17265,0.425,22971,0.565,0,-0.14
Pennsylvania,PA,Dauphin,42043,13709,0.424,18397,0.569,0,-0.145
Pennsylvania,PA,Beaver,42007,9563,0.418,12963,0.567,0,-0.149
Pennsylvania,PA,Mercer,42085,4615,0.415,6323,0.568,0,-0.153
Pennsylvania,PA,Washington,42125,11013,0.409,15390,0.572,0,-0.163
Pennsylvania,PA,Fayette,42051,6451,0.405,9184,0.577,0,-0.172
Pennsylvania,PA,Montgomery,42091,51913,0.407,75333,0.59,0,-0.183
Pennsylvania,PA,Lawrence,42073,3972,0.399,5842,0.587,0,-0.188
Pennsylvania,PA,Delaware,42045,29841,0.398,44775,0.597,0,-0.199
Pennsylvania,PA,Philadelphia,42101,125688,0.37,212785,0.626,0,-0.256
Rhode Island,RI,Washington,44009,10190,0.612085536,6458,0.387914464,1,0.224171072
Rhode Island,RI,Kent,44003,11624,0.592064381,8009,0.407935619,1,0.184128763
Rhode Island,RI,Newport,44005,4339,0.570695778,3264,0.429304222,1,0.141391556
Rhode Island,RI,Providence,44007,35019,0.545662776,29158,0.454337224,1,0.091325553
Rhode Island,RI,Bristol,44001,3507,0.522108084,3210,0.477891916,1,0.044216168
Vermont,VT,Orange,50017,5402,0.893187831,646,0.106812169,1,0.786375661
Vermont,VT,Washington,50023,9619,0.889084019,1200,0.110915981,1,0.778168038
Vermont,VT,Lamoille,50015,4471,0.886223984,574,0.113776016,1,0.772447968
Vermont,VT,Orleans,50019,3216,0.879649891,440,0.120350109,1,0.759299781
Vermont,VT,Windham,50025,10086,0.876890975,1416,0.123109025,1,0.753781951
Vermont,VT,Caledonia,50005,13701,0.872730747,1998,0.127269253,1,0.745461494
Vermont,VT,Addison,50001,6543,0.871238349,967,0.128761651,1,0.742476698
Vermont,VT,Essex,50009,888,0.862973761,141,0.137026239,1,0.725947522
Vermont,VT,Chittenden,50007,17025,0.861807137,2730,0.138192863,1,0.723614275
Vermont,VT,Rutland,50021,13021,0.840444072,2472,0.159555928,1,0.680888143
Vermont,VT,Windsor,50027,11339,0.83787778,2194,0.16212222,1,0.67575556
Vermont,VT,Bennington,50003,7010,0.832442703,1411,0.167557297,1,0.664885406
Virginia,VA,Floyd,51063,935,0.7,396,0.297,1,0.403
Virginia,VA,Harrisonburg,51660,2911,0.661,1481,0.336,1,0.325
Virginia,VA,Montgomery,51121,5090,0.59,3506,0.407,1,0.183
Virginia,VA,Radford,51750,655,0.577,472,0.416,1,0.161
Virginia,VA,Staunton,51790,1364,0.548,1114,0.448,1,0.1
Virginia,VA,Charlottesville,51540,4474,0.533,3888,0.464,1,0.069
Virginia,VA,Poquoson,51735,335,0.528,295,0.465,1,0.063
Virginia,VA,Rockingham,51165,1941,0.526,1734,0.47,1,0.056
Virginia,VA,Augusta,51015,1754,0.514,1639,0.48,1,0.034
Virginia,VA,Warren,51187,1007,0.514,941,0.48,1,0.034
Virginia,VA,Wise,51195,553,0.511,519,0.48,1,0.031
Virginia,VA,Greene,51079,603,0.508,579,0.487,1,0.021
Virginia,VA,Williamsburg,51830,1197,0.507,1159,0.491,1,0.016
Virginia,VA,Patrick,51141,372,0.503,361,0.488,1,0.015
Virginia,VA,Highland,51091,88,0.506,86,0.494,1,0.012
Virginia,VA,Grayson,51077,269,0.5,265,0.493,1,0.007
Virginia,VA,Rappahannock,51157,411,0.495,416,0.501,0,-0.006
Virginia,VA,Waynesboro,51820,769,0.49,788,0.503,0,-0.013
Virginia,VA,Shenandoah,51171,928,0.489,958,0.505,0,-0.016
Virginia,VA,Frederick,51069,2064,0.488,2136,0.505,0,-0.017
Virginia,VA,Winchester,51840,900,0.484,949,0.51,0,-0.026
Virginia,VA,Craig,51045,106,0.48,113,0.511,0,-0.031
Virginia,VA,Salem,51775,774,0.48,824,0.511,0,-0.031
Virginia,VA,Clarke,51043,581,0.477,625,0.514,0,-0.037
Virginia,VA,Bland,51021,114,0.471,125,0.517,0,-0.046
Virginia,VA,Fredericksburg,51630,1238,0.467,1396,0.527,0,-0.06
Virginia,VA,Page,51139,353,0.46,411,0.536,0,-0.076
Virginia,VA,Norton,51720,72,0.45,86,0.538,0,-0.088
Virginia,VA,Washington,51191,984,0.45,1181,0.541,0,-0.091
Virginia,VA,Roanoke,51161,2760,0.451,3323,0.543,0,-0.092
Virginia,VA,Albemarle,51003,6838,0.45,8284,0.545,0,-0.095
Virginia,VA,Fauquier,51061,2345,0.447,2860,0.545,0,-0.098
Virginia,VA,Culpeper,51047,1154,0.444,1421,0.547,0,-0.103
Virginia,VA,Wythe,51197,423,0.442,528,0.552,0,-0.11
Virginia,VA,Botetourt,51023,695,0.436,888,0.557,0,-0.121
Virginia,VA,Giles,51071,316,0.435,405,0.558,0,-0.123
Virginia,VA,Colonial Heights,51570,316,0.433,407,0.558,0,-0.125
Virginia,VA,Nelson,51125,760,0.431,991,0.562,0,-0.131
Virginia,VA,Scott,51169,233,0.429,305,0.562,0,-0.133
Virginia,VA,Bedford,51019,1424,0.429,1876,0.565,0,-0.136
Virginia,VA,Bristol,51520,324,0.426,428,0.563,0,-0.137
Virginia,VA,Rockbridge,51163,676,0.428,902,0.571,0,-0.143
Virginia,VA,Carroll,51035,445,0.424,600,0.571,0,-0.147
Virginia,VA,Manassas Park,51685,427,0.422,581,0.574,0,-0.152
Virginia,VA,Fluvanna,51065,983,0.418,1355,0.576,0,-0.158
Virginia,VA,Galax,51640,92,0.413,129,0.578,0,-0.165
Virginia,VA,Manassas,51683,1280,0.41,1812,0.581,0,-0.171
Virginia,VA,Pulaski,51155,588,0.41,837,0.583,0,-0.173
Virginia,VA,Tazewell,51185,476,0.402,683,0.577,0,-0.175
Virginia,VA,Buena Vista,51530,100,0.408,143,0.584,0,-0.176
Virginia,VA,Loudoun,51107,14719,0.407,21171,0.586,0,-0.179
Virginia,VA,Roanoke City,51770,3299,0.407,4783,0.59,0,-0.183
Virginia,VA,Smyth,51173,361,0.402,526,0.586,0,-0.184
Virginia,VA,Madison,51113,370,0.407,538,0.591,0,-0.184
Virginia,VA,Gloucester,51073,993,0.405,1448,0.591,0,-0.186
Virginia,VA,Fairfax City,51600,1243,0.401,1840,0.594,0,-0.193
Virginia,VA,King George,51099,612,0.397,916,0.594,0,-0.197
Virginia,VA,Hanover,51085,3253,0.397,4915,0.599,0,-0.202
Virginia,VA,Orange,51137,870,0.394,1322,0.599,0,-0.205
Virginia,VA,Russell,51167,360,0.388,556,0.599,0,-0.211
Virginia,VA,Dickenson,51051,223,0.386,346,0.6,0,-0.214
Virginia,VA,Spotsylvania,51177,3480,0.389,5399,0.604,0,-0.215
Virginia,VA,Stafford,51179,4140,0.388,6437,0.603,0,-0.215
Virginia,VA,Richmond City,51760,14085,0.391,21822,0.606,0,-0.215
Virginia,VA,Falls Church,51610,1000,0.385,1587,0.612,0,-0.227
Virginia,VA,Lexington,51678,250,0.38,402,0.611,0,-0.231
Virginia,VA,York,51199,2040,0.381,3292,0.615,0,-0.234
Virginia,VA,Lynchburg,51680,1920,0.381,3104,0.616,0,-0.235
Virginia,VA,Franklin,51067,980,0.366,1674,0.626,0,-0.26
Virginia,VA,Bath,51017,86,0.366,148,0.63,0,-0.264
Virginia,VA,Virginia Beach,51810,12969,0.365,22352,0.63,0,-0.265
Virginia,VA,Fairfax,51059,50217,0.364,86898,0.63,0,-0.266
Virginia,VA,Alleghany,51005,246,0.36,433,0.633,0,-0.273
Virginia,VA,Mathews,51115,246,0.358,435,0.633,0,-0.275
Virginia,VA,Prince William,51153,14696,0.355,26439,0.638,0,-0.283
Virginia,VA,Powhatan,51145,592,0.353,1079,0.644,0,-0.291
Virginia,VA,Lee,51105,161,0.342,299,0.635,0,-0.293
Virginia,VA,James City,51095,2750,0.343,5210,0.651,0,-0.308
Virginia,VA,Middlesex,51119,295,0.345,559,0.653,0,-0.308
Virginia,VA,Amherst,51009,546,0.341,1044,0.652,0,-0.311
Virginia,VA,Louisa,51109,849,0.341,1630,0.655,0,-0.314
Virginia,VA,Campbell,51031,667,0.338,1296,0.657,0,-0.319
Virginia,VA,Chesterfield,51041,11510,0.335,22674,0.661,0,-0.326
Virginia,VA,Arlington,51013,12541,0.328,25561,0.669,0,-0.341
Virginia,VA,Appomattox,51011,215,0.321,448,0.67,0,-0.349
Virginia,VA,New Kent,51127,440,0.314,951,0.678,0,-0.364
Virginia,VA,Norfolk,51710,6925,0.304,15747,0.692,0,-0.388
Virginia,VA,Alexandria,51510,7008,0.299,16281,0.695,0,-0.396
Virginia,VA,Henrico,51087,11954,0.297,28121,0.698,0,-0.401
Virginia,VA,Buchanan,51027,210,0.283,523,0.704,0,-0.421
Virginia,VA,Goochland,51075,618,0.282,1572,0.716,0,-0.434
Virginia,VA,Accomack,51001,682,0.274,1789,0.72,0,-0.446
Virginia,VA,King William,51101,315,0.269,841,0.719,0,-0.45
Virginia,VA,Northampton,51131,324,0.27,868,0.725,0,-0.455
Virginia,VA,Henry,51089,664,0.267,1809,0.727,0,-0.46
Virginia,VA,Newport News,51700,4556,0.266,12495,0.73,0,-0.464
Virginia,VA,Covington,51580,85,0.256,244,0.735,0,-0.479
Virginia,VA,Isle of Wight,51093,853,0.258,2446,0.739,0,-0.481
Virginia,VA,Chesapeake,51550,5551,0.255,16126,0.741,0,-0.486
Virginia,VA,Caroline,51033,641,0.25,1902,0.743,0,-0.493
Virginia,VA,Lancaster,51103,275,0.248,823,0.743,0,-0.495
Virginia,VA,Westmoreland,51193,295,0.25,879,0.745,0,-0.495
Virginia,VA,Buckingham,51029,264,0.246,806,0.75,0,-0.504
Virginia,VA,Northumberland,51133,265,0.243,818,0.75,0,-0.507
Virginia,VA,Pittsylvania,51143,766,0.243,2369,0.752,0,-0.509
Virginia,VA,Martinsville,51690,264,0.238,834,0.753,0,-0.515
Virginia,VA,Prince Edward,51147,420,0.233,1366,0.758,0,-0.525
Virginia,VA,Hopewell,51670,337,0.222,1177,0.774,0,-0.552
Virginia,VA,Prince George,51149,566,0.221,1992,0.777,0,-0.556
Virginia,VA,Hampton,51650,3764,0.217,13529,0.779,0,-0.562
Virginia,VA,Nottoway,51135,224,0.211,829,0.781,0,-0.57
Virginia,VA,Portsmouth,51740,2540,0.211,9464,0.785,0,-0.574
Virginia,VA,Amelia,51007,179,0.21,671,0.788,0,-0.578
Virginia,VA,King and Queen,51097,126,0.208,477,0.787,0,-0.579
Virginia,VA,Charlotte,51037,162,0.202,635,0.791,0,-0.589
Virginia,VA,Suffolk,51800,1893,0.2,7533,0.795,0,-0.595
Virginia,VA,Cumberland,51049,158,0.198,639,0.799,0,-0.601
Virginia,VA,Danville,51590,655,0.196,2676,0.8,0,-0.604
Virginia,VA,Richmond,51159,80,0.192,333,0.8,0,-0.608
Virginia,VA,Mecklenburg,51117,378,0.191,1588,0.803,0,-0.612
Virginia,VA,Halifax,51083,403,0.186,1754,0.808,0,-0.622
Virginia,VA,Surry,51181,174,0.175,812,0.818,0,-0.643
Virginia,VA,Essex,51057,133,0.17,642,0.822,0,-0.652
Virginia,VA,Dinwiddie,51053,375,0.161,1935,0.833,0,-0.672
Virginia,VA,Lunenburg,51111,141,0.16,738,0.836,0,-0.676
Virginia,VA,Southampton,51175,216,0.151,1199,0.838,0,-0.687
Virginia,VA,Petersburg,51730,687,0.143,4099,0.854,0,-0.711
Virginia,VA,Charles City,51036,141,0.14,863,0.856,0,-0.716
Virginia,VA,Greensville,51081,113,0.119,832,0.877,0,-0.758
Virginia,VA,Emporia,51595,52,0.114,404,0.882,0,-0.768
Virginia,VA,Franklin City,51620,104,0.11,831,0.882,0,-0.772
Virginia,VA,Brunswick,51025,152,0.101,1354,0.897,0,-0.796
Virginia,VA,Sussex,51183,98,0.093,958,0.905,0,-0.812
Washington,WA,Skamania,53059,46,0.902,5,0.098,1,0.804
Washington,WA,Wahkiakum,53069,17,0.895,2,0.105,1,0.79
Washington,WA,Okanogan,53047,154,0.87,23,0.13,1,0.74
Washington,WA,Klickitat,53039,55,0.833,11,0.167,1,0.666
Washington,WA,Lewis,53041,166,0.814,36,0.176,1,0.638
Washington,WA,Stevens,53065,101,0.808,23,0.184,1,0.624
Washington,WA,Pacific,53049,77,0.811,18,0.189,1,0.622
Washington,WA,Whatcom,53073,695,0.805,166,0.192,1,0.613
Washington,WA,Franklin,53021,115,0.799,29,0.201,1,0.598
Washington,WA,Whitman,53075,109,0.796,28,0.204,1,0.592
Washington,WA,Grant,53025,112,0.789,29,0.204,1,0.585
Washington,WA,Clark,53011,1080,0.783,297,0.215,1,0.568
Washington,WA,Benton,53005,385,0.783,107,0.217,1,0.566
Washington,WA,Ferry,53019,18,0.783,5,0.217,1,0.566
Washington,WA,Spokane,53063,1199,0.781,333,0.217,1,0.564
Washington,WA,Thurston,53067,868,0.778,245,0.22,1,0.558
Washington,WA,Pend Oreille,53051,35,0.778,10,0.222,1,0.556
Washington,WA,Kittitas,53037,106,0.774,31,0.226,1,0.548
Washington,WA,Cowlitz,53015,255,0.77,76,0.23,1,0.54
Washington,WA,Columbia,53013,10,0.769,3,0.231,1,0.538
Washington,WA,Snohomish,53061,2165,0.761,677,0.238,1,0.523
Washington,WA,San Juan,53055,79,0.76,25,0.24,1,0.52
Washington,WA,Yakima,53077,393,0.757,123,0.237,1,0.52
Washington,WA,Mason,53045,159,0.736,55,0.255,1,0.481
Washington,WA,Adams,53001,17,0.739,6,0.261,1,0.478
Washington,WA,Skagit,53057,322,0.735,116,0.265,1,0.47
Washington,WA,Pierce,53053,1968,0.733,712,0.265,1,0.468
Washington,WA,Douglas,53017,63,0.733,23,0.267,1,0.466
Washington,WA,Grays Harbor,53027,176,0.724,65,0.267,1,0.457
Washington,WA,Lincoln,53043,22,0.71,8,0.258,1,0.452
Washington,WA,Kitsap,53035,631,0.725,238,0.274,1,0.451
Washington,WA,Chelan,53007,160,0.717,63,0.283,1,0.434
Washington,WA,Walla Walla,53071,109,0.708,45,0.292,1,0.416
Washington,WA,Jefferson,53031,135,0.707,56,0.293,1,0.414
Washington,WA,Island,53029,219,0.691,97,0.306,1,0.385
Washington,WA,Clallam,53009,188,0.686,85,0.31,1,0.376
Washington,WA,King,53033,6704,0.673,3246,0.326,1,0.347
Washington,WA,Asotin,53003,43,0.672,21,0.328,1,0.344
Washington,WA,Garfield,53023,3,0.6,2,0.4,1,0.2
West Virginia,WV,Calhoun,54013,803,0.606,312,0.236,1,0.37
West Virginia,WV,Tucker,54093,770,0.608,330,0.261,1,0.347
West Virginia,WV,Tyler,54095,428,0.6,202,0.283,1,0.317
West Virginia,WV,Doddridge,54017,235,0.589,115,0.288,1,0.301
West Virginia,WV,Webster,54101,837,0.54,384,0.248,1,0.292
West Virginia,WV,Wetzel,54103,1744,0.565,845,0.274,1,0.291
West Virginia,WV,Wyoming,54109,1498,0.52,710,0.246,1,0.274
West Virginia,WV,Logan,54045,3201,0.505,1491,0.235,1,0.27
West Virginia,WV,Mingo,54059,2425,0.483,1074,0.214,1,0.269
West Virginia,WV,Wirt,54105,326,0.56,170,0.292,1,0.268
West Virginia,WV,McDowell,54047,1453,0.555,781,0.299,1,0.256
West Virginia,WV,Boone,54005,2410,0.52,1244,0.268,1,0.252
West Virginia,WV,Ritchie,54085,351,0.58,199,0.329,1,0.251
West Virginia,WV,Preston,54077,1719,0.562,957,0.313,1,0.249
West Virginia,WV,Marshall,54051,2599,0.56,1449,0.312,1,0.248
West Virginia,WV,Gilmer,54021,643,0.53,343,0.283,1,0.247
West Virginia,WV,Nicholas,54067,1944,0.529,1086,0.295,1,0.234
West Virginia,WV,Lewis,54041,1229,0.549,712,0.318,1,0.231
West Virginia,WV,Monongalia,54061,8096,0.576,4963,0.353,1,0.223
West Virginia,WV,Pleasants,54073,545,0.552,329,0.333,1,0.219
West Virginia,WV,Clay,54015,754,0.51,434,0.294,1,0.216
West Virginia,WV,Randolph,54083,2492,0.523,1515,0.318,1,0.205
West Virginia,WV,Pocahontas,54075,826,0.548,524,0.348,1,0.2
West Virginia,WV,Fayette,54019,3585,0.523,2317,0.338,1,0.185
West Virginia,WV,Greenbrier,54025,2864,0.529,1894,0.35,1,0.179
West Virginia,WV,Raleigh,54081,4888,0.524,3225,0.346,1,0.178
West Virginia,WV,Hampshire,54027,1101,0.505,719,0.33,1,0.175
West Virginia,WV,Marion,54049,5324,0.524,3556,0.35,1,0.174
West Virginia,WV,Hancock,54029,2275,0.541,1547,0.368,1,0.173
West Virginia,WV,Mercer,54055,3233,0.514,2167,0.345,1,0.169
West Virginia,WV,Braxton,54007,1321,0.513,899,0.349,1,0.164
West Virginia,WV,Upshur,54097,1071,0.529,738,0.365,1,0.164
West Virginia,WV,Barbour,54001,994,0.516,686,0.356,1,0.16
West Virginia,WV,Mason,54053,1769,0.516,1221,0.356,1,0.16
West Virginia,WV,Taylor,54091,1106,0.518,764,0.358,1,0.16
West Virginia,WV,Wood,54107,4519,0.532,3169,0.373,1,0.159
West Virginia,WV,Morgan,54065,682,0.551,486,0.393,1,0.158
West Virginia,WV,Lincoln,54043,1510,0.472,1015,0.317,1,0.155
West Virginia,WV,Wayne,54099,2898,0.459,1934,0.306,1,0.153
West Virginia,WV,Ohio,54069,3363,0.53,2468,0.389,1,0.141
West Virginia,WV,Roane,54087,1002,0.529,741,0.391,1,0.138
West Virginia,WV,Summers,54089,1060,0.51,779,0.375,1,0.135
West Virginia,WV,Monroe,54063,817,0.498,604,0.368,1,0.13
West Virginia,WV,Brooke,54009,1966,0.509,1489,0.385,1,0.124
West Virginia,WV,Hardy,54031,883,0.461,655,0.342,1,0.119
West Virginia,WV,Mineral,54057,1110,0.493,854,0.38,1,0.113
West Virginia,WV,Putnam,54079,3251,0.513,2543,0.401,1,0.112
West Virginia,WV,Harrison,54033,5370,0.491,4184,0.382,1,0.109
West Virginia,WV,Pendleton,54071,484,0.486,384,0.386,1,0.1
West Virginia,WV,Jackson,54035,1799,0.499,1443,0.4,1,0.099
West Virginia,WV,Cabell,54011,5361,0.461,4407,0.379,1,0.082
West Virginia,WV,Berkeley,54003,4020,0.492,3591,0.44,1,0.052
West Virginia,WV,Jefferson,54037,3241,0.501,2910,0.45,1,0.051
West Virginia,WV,Grant,54023,185,0.464,168,0.421,1,0.043
West Virginia,WV,Kanawha,54039,13480,0.48,12628,0.45,1,0.03
Wisconsin,WI,Portage,55097,9348,0.647,5036,0.349,1,0.298
Wisconsin,WI,Vernon,55123,3476,0.641,1934,0.356,1,0.285
Wisconsin,WI,Eau Claire,55035,13058,0.639,7323,0.358,1,0.281
Wisconsin,WI,Dunn,55033,4272,0.635,2421,0.36,1,0.275
Wisconsin,WI,Bayfield,55007,2604,0.635,1484,0.362,1,0.273
Wisconsin,WI,Menominee,55078,355,0.633,204,0.364,1,0.269
Wisconsin,WI,Ashland,55003,2304,0.63,1346,0.368,1,0.262
Wisconsin,WI,La Crosse,55063,15139,0.628,8901,0.369,1,0.259
Wisconsin,WI,Sawyer,55113,1652,0.626,975,0.369,1,0.257
Wisconsin,WI,Dane,55025,102585,0.626,61072,0.373,1,0.253
Wisconsin,WI,Florence,55037,293,0.618,175,0.369,1,0.249
Wisconsin,WI,Price,55099,1393,0.616,854,0.378,1,0.238
Wisconsin,WI,Walworth,55127,8405,0.617,5174,0.38,1,0.237
Wisconsin,WI,Sauk,55111,7195,0.612,4526,0.385,1,0.227
Wisconsin,WI,Winnebago,55139,17818,0.612,11193,0.385,1,0.227
Wisconsin,WI,Jefferson,55055,7537,0.611,4771,0.387,1,0.224
Wisconsin,WI,Green,55045,4359,0.609,2766,0.387,1,0.222
Wisconsin,WI,Monroe,55081,3533,0.606,2270,0.389,1,0.217
Wisconsin,WI,Columbia,55021,6455,0.605,4183,0.392,1,0.213
Wisconsin,WI,Rock,55105,17337,0.605,11248,0.392,1,0.213
Wisconsin,WI,Oneida,55085,3809,0.602,2493,0.394,1,0.208
Wisconsin,WI,Wood,55141,6747,0.602,4424,0.395,1,0.207
Wisconsin,WI,Outagamie,55087,16985,0.601,11202,0.396,1,0.205
Wisconsin,WI,Vilas,55125,2140,0.601,1412,0.396,1,0.205
Wisconsin,WI,Waupaca,55135,3883,0.597,2582,0.397,1,0.2
Wisconsin,WI,Taylor,55119,1278,0.596,850,0.397,1,0.199
Wisconsin,WI,Iowa,55049,3198,0.594,2161,0.402,1,0.192
Wisconsin,WI,Grant,55043,4484,0.593,3036,0.402,1,0.191
Wisconsin,WI,Marathon,55073,11655,0.589,8047,0.407,1,0.182
Wisconsin,WI,Jackson,55053,1845,0.584,1294,0.41,1,0.174
Wisconsin,WI,Lincoln,55069,2439,0.583,1732,0.414,1,0.169
Wisconsin,WI,Shawano,55115,2976,0.582,2124,0.415,1,0.167
Wisconsin,WI,Richland,55103,1784,0.582,1276,0.416,1,0.166
Wisconsin,WI,Crawford,55023,1582,0.578,1132,0.414,1,0.164
Wisconsin,WI,Buffalo,55011,1148,0.578,825,0.415,1,0.163
Wisconsin,WI,Dodge,55027,6243,0.579,4501,0.418,1,0.161
Wisconsin,WI,Pierce,55093,3199,0.572,2340,0.419,1,0.153
Wisconsin,WI,Juneau,55057,1843,0.573,1357,0.422,1,0.151
Wisconsin,WI,Brown,55009,22471,0.573,16626,0.424,1,0.149
Wisconsin,WI,Kenosha,55059,14612,0.572,10871,0.425,1,0.147
Wisconsin,WI,Fond du Lac,55039,7375,0.571,5514,0.427,1,0.144
Wisconsin,WI,Rusk,55107,1093,0.569,817,0.425,1,0.144
Wisconsin,WI,Washburn,55129,1417,0.568,1059,0.424,1,0.144
Wisconsin,WI,Marquette,55077,1320,0.567,994,0.427,1,0.14
Wisconsin,WI,Calumet,55015,4010,0.568,3031,0.429,1,0.139
Wisconsin,WI,Green Lake,55047,1148,0.566,869,0.429,1,0.137
Wisconsin,WI,Clark,55019,1942,0.564,1475,0.428,1,0.136
Wisconsin,WI,Manitowoc,55071,6447,0.561,4983,0.434,1,0.127
Wisconsin,WI,Pepin,55091,560,0.561,435,0.436,1,0.125
Wisconsin,WI,Chippewa,55017,5114,0.557,4021,0.438,1,0.119
Wisconsin,WI,Waushara,55137,1502,0.557,1181,0.438,1,0.119
Wisconsin,WI,Douglas,55031,4510,0.554,3574,0.439,1,0.115
Wisconsin,WI,Iron,55051,543,0.546,437,0.439,1,0.107
Wisconsin,WI,Trempealeau,55121,2429,0.548,1988,0.448,1,0.1
Wisconsin,WI,Langlade,55067,1436,0.542,1192,0.45,1,0.092
Wisconsin,WI,Washington,55131,7676,0.544,6381,0.453,1,0.091
Wisconsin,WI,Sheboygan,55117,8537,0.54,7175,0.454,1,0.086
Wisconsin,WI,Door,55029,3417,0.536,2935,0.461,1,0.075
Wisconsin,WI,St. Croix,55109,5671,0.533,4891,0.46,1,0.073
Wisconsin,WI,Barron,55005,2960,0.532,2570,0.462,1,0.07
Wisconsin,WI,Lafayette,55065,1330,0.529,1167,0.464,1,0.065
Wisconsin,WI,Polk,55095,2473,0.527,2174,0.463,1,0.064
Wisconsin,WI,Kewaunee,55061,1662,0.524,1495,0.471,1,0.053
Wisconsin,WI,Adams,55001,1501,0.518,1373,0.474,1,0.044
Wisconsin,WI,Oconto,55083,2577,0.513,2418,0.481,1,0.032
Wisconsin,WI,Forest,55041,647,0.511,609,0.481,1,0.03
Wisconsin,WI,Waukesha,55133,26339,0.514,24784,0.484,1,0.03
Wisconsin,WI,Marinette,55075,2692,0.508,2577,0.486,1,0.022
Wisconsin,WI,Ozaukee,55089,6871,0.51,6572,0.488,1,0.022
Wisconsin,WI,Racine,55101,14651,0.508,14086,0.489,1,0.019
Wisconsin,WI,Burnett,55013,933,0.503,917,0.494,1,0.009
Wisconsin,WI,Milwaukee,55079,93714,0.48,100932,0.517,0,-0.037
